district,province,level,level_english,district_long,district_english,district_long_english,province_english
A Lưới,Thừa Thiên Huế,,,A Lưới,A Luoi,A Luoi,Thua Thien Hue
An Biên,Kiên Giang,,,An Biên,An Bien,An Bien,Kien Giang
An Dương,Hải Phòng,,,An Dương,An Duong,An Duong,Hai Phong
An Khê,Gia Lai,Thị xã,Town,Thị xã An Khê,An Khe,An Khe Town,Gia Lai
An Lão,Hải Phòng,,,An Lão,An Lao,An Lao,Hai Phong
An Lão,Bình Định,,,An Lão,An Lao,An Lao,Binh Dinh
An Minh,Kiên Giang,,,An Minh,An Minh,An Minh,Kien Giang
An Nhơn,Bình Định,Thị xã,Town,Thị xã An Nhơn,An Nhon,An Nhon Town,Binh Dinh
An Phú,An Giang,,,An Phú,An Phu,An Phu,An Giang
Ân Thi,Hưng Yên,,,Ân Thi,An Thi,An Thi,Hung Yen
Anh Sơn,Nghệ An,,,Anh Sơn,Anh Son,Anh Son,Nghe An
Ayun Pa,Gia Lai,Thị xã,Town,Thị xã Ayun Pa,Ayun Pa,Ayun Pa Town,Gia Lai
Ba Bể,Bắc Kạn,,,Ba Bể,Ba Be,Ba Be,Bac Kan
Ba Chẽ,Quảng Ninh,,,Ba Chẽ,Ba Che,Ba Che,Quang Ninh
Ba Đình,Hà Nội,,,Ba Đình,Ba Dinh,Ba Dinh,Ha Noi
Ba Đồn,Quảng Bình,Thị xã,Town,Thị xã Ba Đồn,Ba Don,Ba Don Town,Quang Binh
Bà Rịa,Bà Rịa - Vũng Tàu,Thành phố,City,Thành phố Bà Rịa,Ba Ria,Ba Ria City,Ba Ria - Vung Tau
Bá Thước,Thanh Hóa,,,Bá Thước,Ba Thuoc,Ba Thuoc,Thanh Hoa
Ba Tơ,Quảng Ngãi,,,Ba Tơ,Ba To,Ba To,Quang Ngai
Ba Tri,Bến Tre,,,Ba Tri,Ba Tri,Ba Tri,Ben Tre
Ba Vì,Hà Nội,,,Ba Vì,Ba Vi,Ba Vi,Ha Noi
Bác Ái,Ninh Thuận,,,Bác Ái,Bac Ai,Bac Ai,Ninh Thuan
Bắc Bình,Bình Thuận,,,Bắc Bình,Bac Binh,Bac Binh,Binh Thuan
Bắc Giang,Bắc Giang,Thành phố,City,Thành phố Bắc Giang,Bac Giang,Bac Giang City,Bac Giang
Bắc Hà,Lào Cai,,,Bắc Hà,Bac Ha,Bac Ha,Lao Cai
Bắc Kạn,Bắc Kạn,Thành phố,City,Thành phố Bắc Kạn,Bac Kan,Bac Kan City,Bac Kan
Bạc Liêu,Bạc Liêu,Thành phố,City,Thành phố Bạc Liêu,Bac Lieu,Bac Lieu City,Bac Lieu
Bắc Mê,Hà Giang,,,Bắc Mê,Bac Me,Bac Me,Ha Giang
Bắc Ninh,Bắc Ninh,Thành phố,City,Thành phố Bắc Ninh,Bac Ninh,Bac Ninh City,Bac Ninh
Bắc Quang,Hà Giang,,,Bắc Quang,Bac Quang,Bac Quang,Ha Giang
Bắc Sơn,Lạng Sơn,,,Bắc Sơn,Bac Son,Bac Son,Lang Son
Bắc Tân Uyên,Bình Dương,,,Bắc Tân Uyên,Bac Tan Uyen,Bac Tan Uyen,Binh Duong
Bắc Trà My,Quảng Nam,,,Bắc Trà My,Bac Tra My,Bac Tra My,Quang Nam
Bắc Từ Liêm,Hà Nội,,,Bắc Từ Liêm,Bac Tu Liem,Bac Tu Liem,Ha Noi
Bắc Yên,Sơn La,,,Bắc Yên,Bac Yen,Bac Yen,Son La
Bạch Long Vĩ,Hải Phòng,,,Bạch Long Vĩ,Bach Long Vi,Bach Long Vi,Hai Phong
Bạch Thông,Bắc Kạn,,,Bạch Thông,Bach Thong,Bach Thong,Bac Kan
Bảo Lạc,Cao Bằng,,,Bảo Lạc,Bao Lac,Bao Lac,Cao Bang
Bảo Lâm,Cao Bằng,,,Bảo Lâm,Bao Lam,Bao Lam,Cao Bang
Bảo Lâm,Lâm Đồng,,,Bảo Lâm,Bao Lam,Bao Lam,Lam Dong
Bảo Lộc,Lâm Đồng,Thành phố,City,Thành phố Bảo Lộc,Bao Loc,Bao Loc City,Lam Dong
Bảo Thắng,Lào Cai,,,Bảo Thắng,Bao Thang,Bao Thang,Lao Cai
Bảo Yên,Lào Cai,,,Bảo Yên,Bao Yen,Bao Yen,Lao Cai
Bát Xát,Lào Cai,,,Bát Xát,Bat Xat,Bat Xat,Lao Cai
Bàu Bàng,Bình Dương,,,Bàu Bàng,Bau Bang,Bau Bang,Binh Duong
Bến Cát,Bình Dương,Thành phố,City,Thành phố Bến Cát,Ben Cat,Ben Cat City,Binh Duong
Bến Cầu,Tây Ninh,,,Bến Cầu,Ben Cau,Ben Cau,Tay Ninh
Bến Lức,Long An,,,Bến Lức,Ben Luc,Ben Luc,Long An
Bến Tre,Bến Tre,Thành phố,City,Thành phố Bến Tre,Ben Tre,Ben Tre City,Ben Tre
Biên Hòa,Đồng Nai,Thành phố,City,Thành phố Biên Hòa,Bien Hoa,Bien Hoa City,Dong Nai
Bỉm Sơn,Thanh Hóa,Thị xã,Town,Thị xã Bỉm Sơn,Bim Son,Bim Son Town,Thanh Hoa
Bình Chánh,Hồ Chí Minh,,,Bình Chánh,Binh Chanh,Binh Chanh,Ho Chi Minh
Bình Đại,Bến Tre,,,Bình Đại,Binh Dai,Binh Dai,Ben Tre
Bình Gia,Lạng Sơn,,,Bình Gia,Binh Gia,Binh Gia,Lang Son
Bình Giang,Hải Dương,,,Bình Giang,Binh Giang,Binh Giang,Hai Duong
Bình Liêu,Quảng Ninh,,,Bình Liêu,Binh Lieu,Binh Lieu,Quang Ninh
Bình Long,Bình Phước,Thị xã,Town,Thị xã Bình Long,Binh Long,Binh Long Town,Binh Phuoc
Bình Lục,Hà Nam,,,Bình Lục,Binh Luc,Binh Luc,Ha Nam
Bình Minh,Vĩnh Long,Thị xã,Town,Thị xã Bình Minh,Binh Minh,Binh Minh Town,Vinh Long
Bình Sơn,Quảng Ngãi,,,Bình Sơn,Binh Son,Binh Son,Quang Ngai
Bình Tân,Hồ Chí Minh,,,Bình Tân,Binh Tan,Binh Tan,Ho Chi Minh
Bình Tân,Vĩnh Long,,,Bình Tân,Binh Tan,Binh Tan,Vinh Long
Bình Thạnh,Hồ Chí Minh,,,Bình Thạnh,Binh Thanh,Binh Thanh,Ho Chi Minh
Bình Thủy,Cần Thơ,,,Bình Thủy,Binh Thuy,Binh Thuy,Can Tho
Bình Xuyên,Vĩnh Phúc,,,Bình Xuyên,Binh Xuyen,Binh Xuyen,Vinh Phuc
Bố Trạch,Quảng Bình,,,Bố Trạch,Bo Trach,Bo Trach,Quang Binh
Bù Đăng,Bình Phước,,,Bù Đăng,Bu Dang,Bu Dang,Binh Phuoc
Bù Đốp,Bình Phước,,,Bù Đốp,Bu Dop,Bu Dop,Binh Phuoc
Bù Gia Mập,Bình Phước,,,Bù Gia Mập,Bu Gia Map,Bu Gia Map,Binh Phuoc
Buôn Đôn,Đắk Lắk,,,Buôn Đôn,Buon Don,Buon Don,Dak Lak
Buôn Hồ,Đắk Lắk,Thị xã,Town,Thị xã Buôn Hồ,Buon Ho,Buon Ho Town,Dak Lak
Buôn Ma Thuột,Đắk Lắk,Thành phố,City,Thành phố Buôn Ma Thuột,Buon Ma Thuot,Buon Ma Thuot City,Dak Lak
Cà Mau,Cà Mau,Thành phố,City,Thành phố Cà Mau,Ca Mau,Ca Mau City,Ca Mau
Cái Bè,Tiền Giang,,,Cái Bè,Cai Be,Cai Be,Tien Giang
Cai Lậy,Tiền Giang,Thị xã,Town,Thị xã Cai Lậy,Cai Lay,Cai Lay Town,Tien Giang
Cai Lậy,Tiền Giang,,,Cai Lậy,Cai Lay,Cai Lay,Tien Giang
Cái Nước,Cà Mau,,,Cái Nước,Cai Nuoc,Cai Nuoc,Ca Mau
Cái Răng,Cần Thơ,,,Cái Răng,Cai Rang,Cai Rang,Can Tho
Cẩm Giàng,Hải Dương,,,Cẩm Giàng,Cam Giang,Cam Giang,Hai Duong
Cẩm Khê,Phú Thọ,,,Cẩm Khê,Cam Khe,Cam Khe,Phu Tho
Cam Lâm,Khánh Hòa,,,Cam Lâm,Cam Lam,Cam Lam,Khanh Hoa
Cẩm Lệ,Đà Nẵng,,,Cẩm Lệ,Cam Le,Cam Le,Da Nang
Cam Lộ,Quảng Trị,,,Cam Lộ,Cam Lo,Cam Lo,Quang Tri
Cẩm Mỹ,Đồng Nai,,,Cẩm Mỹ,Cam My,Cam My,Dong Nai
Cẩm Phả,Quảng Ninh,Thành phố,City,Thành phố Cẩm Phả,Cam Pha,Cam Pha City,Quang Ninh
Cam Ranh,Khánh Hòa,Thành phố,City,Thành phố Cam Ranh,Cam Ranh,Cam Ranh City,Khanh Hoa
Cẩm Thủy,Thanh Hóa,,,Cẩm Thủy,Cam Thuy,Cam Thuy,Thanh Hoa
Cẩm Xuyên,Hà Tĩnh,,,Cẩm Xuyên,Cam Xuyen,Cam Xuyen,Ha Tinh
Cần Đước,Long An,,,Cần Đước,Can Duoc,Can Duoc,Long An
Cần Giờ,Hồ Chí Minh,,,Cần Giờ,Can Gio,Can Gio,Ho Chi Minh
Cần Giuộc,Long An,,,Cần Giuộc,Can Giuoc,Can Giuoc,Long An
Can Lộc,Hà Tĩnh,,,Can Lộc,Can Loc,Can Loc,Ha Tinh
Càng Long,Trà Vinh,,,Càng Long,Cang Long,Cang Long,Tra Vinh
Cao Bằng,Cao Bằng,Thành phố,City,Thành phố Cao Bằng,Cao Bang,Cao Bang City,Cao Bang
Cao Lãnh,Đồng Tháp,Thành phố,City,Thành phố Cao Lãnh,Cao Lanh,Cao Lanh City,Dong Thap
Cao Lãnh,Đồng Tháp,,,Cao Lãnh,Cao Lanh,Cao Lanh,Dong Thap
Cao Lộc,Lạng Sơn,,,Cao Lộc,Cao Loc,Cao Loc,Lang Son
Cao Phong,Hòa Bình,,,Cao Phong,Cao Phong,Cao Phong,Hoa Binh
Cát Hải,Hải Phòng,,,Cát Hải,Cat Hai,Cat Hai,Hai Phong
Cát Tiên,Lâm Đồng,,,Cát Tiên,Cat Tien,Cat Tien,Lam Dong
Cầu Giấy,Hà Nội,,,Cầu Giấy,Cau Giay,Cau Giay,Ha Noi
Cầu Kè,Trà Vinh,,,Cầu Kè,Cau Ke,Cau Ke,Tra Vinh
Cầu Ngang,Trà Vinh,,,Cầu Ngang,Cau Ngang,Cau Ngang,Tra Vinh
Châu Đốc,An Giang,Thành phố,City,Thành phố Châu Đốc,Chau Doc,Chau Doc City,An Giang
Châu Đức,Bà Rịa - Vũng Tàu,,,Châu Đức,Chau Duc,Chau Duc,Ba Ria - Vung Tau
Châu Phú,An Giang,,,Châu Phú,Chau Phu,Chau Phu,An Giang
Châu Thành,An Giang,,,Châu Thành,Chau Thanh,Chau Thanh,An Giang
Châu Thành,Bến Tre,,,Châu Thành,Chau Thanh,Chau Thanh,Ben Tre
Châu Thành,Đồng Tháp,,,Châu Thành,Chau Thanh,Chau Thanh,Dong Thap
Châu Thành,Hậu Giang,,,Châu Thành,Chau Thanh,Chau Thanh,Hau Giang
Châu Thành,Kiên Giang,,,Châu Thành,Chau Thanh,Chau Thanh,Kien Giang
Châu Thành,Long An,,,Châu Thành,Chau Thanh,Chau Thanh,Long An
Châu Thành,Sóc Trăng,,,Châu Thành,Chau Thanh,Chau Thanh,Soc Trang
Châu Thành,Tây Ninh,,,Châu Thành,Chau Thanh,Chau Thanh,Tay Ninh
Châu Thành,Tiền Giang,,,Châu Thành,Chau Thanh,Chau Thanh,Tien Giang
Châu Thành,Trà Vinh,,,Châu Thành,Chau Thanh,Chau Thanh,Tra Vinh
Châu Thành A,Hậu Giang,,,Châu Thành A,Chau Thanh A,Chau Thanh A,Hau Giang
Chi Lăng,Lạng Sơn,,,Chi Lăng,Chi Lang,Chi Lang,Lang Son
Chí Linh,Hải Dương,Thành phố,City,Thành phố Chí Linh,Chi Linh,Chi Linh City,Hai Duong
Chiêm Hóa,Tuyên Quang,,,Chiêm Hóa,Chiem Hoa,Chiem Hoa,Tuyen Quang
Chợ Đồn,Bắc Kạn,,,Chợ Đồn,Cho Don,Cho Don,Bac Kan
Chợ Gạo,Tiền Giang,,,Chợ Gạo,Cho Gao,Cho Gao,Tien Giang
Chợ Lách,Bến Tre,,,Chợ Lách,Cho Lach,Cho Lach,Ben Tre
Chợ Mới,An Giang,,,Chợ Mới,Cho Moi,Cho Moi,An Giang
Chợ Mới,Bắc Kạn,,,Chợ Mới,Cho Moi,Cho Moi,Bac Kan
Chơn Thành,Bình Phước,Thị xã,Town,Thị xã Chơn Thành,Chon Thanh,Chon Thanh Town,Binh Phuoc
Chư Păh,Gia Lai,,,Chư Păh,Chu Pah,Chu Pah,Gia Lai
Chư Prông,Gia Lai,,,Chư Prông,Chu Prong,Chu Prong,Gia Lai
Chư Pưh,Gia Lai,,,Chư Pưh,Chu Puh,Chu Puh,Gia Lai
Chư Sê,Gia Lai,,,Chư Sê,Chu Se,Chu Se,Gia Lai
Chương Mỹ,Hà Nội,,,Chương Mỹ,Chuong My,Chuong My,Ha Noi
Cờ Đỏ,Cần Thơ,,,Cờ Đỏ,Co Do,Co Do,Can Tho
Cô Tô,Quảng Ninh,,,Cô Tô,Co To,Co To,Quang Ninh
Cồn Cỏ,Quảng Trị,,,Cồn Cỏ,Con Co,Con Co,Quang Tri
Con Cuông,Nghệ An,,,Con Cuông,Con Cuong,Con Cuong,Nghe An
Côn Đảo,Bà Rịa - Vũng Tàu,,,Côn Đảo,Con Dao,Con Dao,Ba Ria - Vung Tau
Củ Chi,Hồ Chí Minh,,,Củ Chi,Cu Chi,Cu Chi,Ho Chi Minh
Cư Jút,Đắk Nông,,,Cư Jút,Cu Jut,Cu Jut,Dak Nong
Cư Kuin,Đắk Lắk,,,Cư Kuin,Cu Kuin,Cu Kuin,Dak Lak
Cù Lao Dung,Sóc Trăng,,,Cù Lao Dung,Cu Lao Dung,Cu Lao Dung,Soc Trang
Cư M'gar,Đắk Lắk,,,Cư M'gar,Cu M'gar,Cu M'Gar,Dak Lak
Cửa Lò,Nghệ An,Thị xã,Town,Thị xã Cửa Lò,Cua Lo,Cua Lo Town,Nghe An
Đà Bắc,Hòa Bình,,,Đà Bắc,Da Bac,Da Bac,Hoa Binh
Đạ Huoai,Lâm Đồng,,,Đạ Huoai,Da Huoai,Da Huoai,Lam Dong
Đakrông,Quảng Trị,,,Đakrông,Dakrong,Dakrong,Quang Tri
Đà Lạt,Lâm Đồng,Thành phố,City,Thành phố Đà Lạt,Da Lat,Da Lat City,Lam Dong
Đạ Tẻh,Lâm Đồng,,,Đạ Tẻh,Da Teh,Da Teh,Lam Dong
Đại Lộc,Quảng Nam,,,Đại Lộc,Dai Loc,Dai Loc,Quang Nam
Đại Từ,Thái Nguyên,,,Đại Từ,Dai Tu,Dai Tu,Thai Nguyen
Đak Đoa,Gia Lai,,,Đak Đoa,Dak Doa,Dak Doa,Gia Lai
Đăk Glei,Kon Tum,,,Đăk Glei,Dak Glei,Dak Glei,Kon Tum
Đắk Glong,Đắk Nông,,,Đắk Glong,Dak Glong,Dak Glong,Dak Nong
Đăk Hà,Kon Tum,,,Đăk Hà,Dak Ha,Dak Ha,Kon Tum
Đắk Mil,Đắk Nông,,,Đắk Mil,Dak Mil,Dak Mil,Dak Nong
Đak Pơ,Gia Lai,,,Đak Pơ,Dak Po,Dak Po,Gia Lai
Đắk R'lấp,Đắk Nông,,,Đắk R'lấp,Dak R'lap,Dak R'Lap,Dak Nong
Đắk Song,Đắk Nông,,,Đắk Song,Dak Song,Dak Song,Dak Nong
Đăk Tô,Kon Tum,,,Đăk Tô,Dak To,Dak To,Kon Tum
Đầm Dơi,Cà Mau,,,Đầm Dơi,Dam Doi,Dam Doi,Ca Mau
Đầm Hà,Quảng Ninh,,,Đầm Hà,Dam Ha,Dam Ha,Quang Ninh
Đam Rông,Lâm Đồng,,,Đam Rông,Dam Rong,Dam Rong,Lam Dong
Đan Phượng,Hà Nội,,,Đan Phượng,Dan Phuong,Dan Phuong,Ha Noi
Đất Đỏ,Bà Rịa - Vũng Tàu,,,Đất Đỏ,Dat Do,Dat Do,Ba Ria - Vung Tau
Dầu Tiếng,Bình Dương,,,Dầu Tiếng,Dau Tieng,Dau Tieng,Binh Duong
Dĩ An,Bình Dương,Thành phố,City,Thành phố Dĩ An,Di An,Di An City,Binh Duong
Di Linh,Lâm Đồng,,,Di Linh,Di Linh,Di Linh,Lam Dong
Điện Bàn,Quảng Nam,Thị xã,Town,Thị xã Điện Bàn,Dien Ban,Dien Ban Town,Quang Nam
Điện Biên,Điện Biên,,,Điện Biên,Dien Bien,Dien Bien,Dien Bien
Điện Biên Đông,Điện Biên,,,Điện Biên Đông,Dien Bien Dong,Dien Bien Dong,Dien Bien
Điện Biên Phủ,Điện Biên,Thành phố,City,Thành phố Điện Biên Phủ,Dien Bien Phu,Dien Bien Phu City,Dien Bien
Diễn Châu,Nghệ An,,,Diễn Châu,Dien Chau,Dien Chau,Nghe An
Diên Khánh,Khánh Hòa,,,Diên Khánh,Dien Khanh,Dien Khanh,Khanh Hoa
Định Hóa,Thái Nguyên,,,Định Hóa,Dinh Hoa,Dinh Hoa,Thai Nguyen
Đình Lập,Lạng Sơn,,,Đình Lập,Dinh Lap,Dinh Lap,Lang Son
Định Quán,Đồng Nai,,,Định Quán,Dinh Quan,Dinh Quan,Dong Nai
Đô Lương,Nghệ An,,,Đô Lương,Do Luong,Do Luong,Nghe An
Đồ Sơn,Hải Phòng,,,Đồ Sơn,Do Son,Do Son,Hai Phong
Đoan Hùng,Phú Thọ,,,Đoan Hùng,Doan Hung,Doan Hung,Phu Tho
Đơn Dương,Lâm Đồng,,,Đơn Dương,Don Duong,Don Duong,Lam Dong
Đông Anh,Hà Nội,,,Đông Anh,Dong Anh,Dong Anh,Ha Noi
Đống Đa,Hà Nội,,,Đống Đa,Dong Da,Dong Da,Ha Noi
Đông Giang,Quảng Nam,,,Đông Giang,Dong Giang,Dong Giang,Quang Nam
Đông Hà,Quảng Trị,Thành phố,City,Thành phố Đông Hà,Dong Ha,Dong Ha City,Quang Tri
Đông Hải,Bạc Liêu,,,Đông Hải,Dong Hai,Dong Hai,Bac Lieu
Đông Hòa,Phú Yên,Thị xã,Town,Thị xã Đông Hòa,Dong Hoa,Dong Hoa Town,Phu Yen
Đồng Hới,Quảng Bình,Thành phố,City,Thành phố Đồng Hới,Dong Hoi,Dong Hoi City,Quang Binh
Đông Hưng,Thái Bình,,,Đông Hưng,Dong Hung,Dong Hung,Thai Binh
Đồng Hỷ,Thái Nguyên,,,Đồng Hỷ,Dong Hy,Dong Hy,Thai Nguyen
Đồng Phú,Bình Phước,,,Đồng Phú,Dong Phu,Dong Phu,Binh Phuoc
Đông Sơn,Thanh Hóa,,,Đông Sơn,Dong Son,Dong Son,Thanh Hoa
Đông Triều,Quảng Ninh,Thị xã,Town,Thị xã Đông Triều,Dong Trieu,Dong Trieu Town,Quang Ninh
Đồng Văn,Hà Giang,,,Đồng Văn,Dong Van,Dong Van,Ha Giang
Đồng Xoài,Bình Phước,Thành phố,City,Thành phố Đồng Xoài,Dong Xoai,Dong Xoai City,Binh Phuoc
Đồng Xuân,Phú Yên,,,Đồng Xuân,Dong Xuan,Dong Xuan,Phu Yen
Đức Cơ,Gia Lai,,,Đức Cơ,Duc Co,Duc Co,Gia Lai
Đức Hòa,Long An,,,Đức Hòa,Duc Hoa,Duc Hoa,Long An
Đức Huệ,Long An,,,Đức Huệ,Duc Hue,Duc Hue,Long An
Đức Linh,Bình Thuận,,,Đức Linh,Duc Linh,Duc Linh,Binh Thuan
Đức Phổ,Quảng Ngãi,Thị xã,Town,Thị xã Đức Phổ,Duc Pho,Duc Pho Town,Quang Ngai
Đức Thọ,Hà Tĩnh,,,Đức Thọ,Duc Tho,Duc Tho,Ha Tinh
Đức Trọng,Lâm Đồng,,,Đức Trọng,Duc Trong,Duc Trong,Lam Dong
Dương Kinh,Hải Phòng,,,Dương Kinh,Duong Kinh,Duong Kinh,Hai Phong
Dương Minh Châu,Tây Ninh,,,Dương Minh Châu,Duong Minh Chau,Duong Minh Chau,Tay Ninh
Duy Tiên,Hà Nam,Thị xã,Town,Thị xã Duy Tiên,Duy Tien,Duy Tien Town,Ha Nam
Duy Xuyên,Quảng Nam,,,Duy Xuyên,Duy Xuyen,Duy Xuyen,Quang Nam
Duyên Hải,Trà Vinh,Thị xã,Town,Thị xã Duyên Hải,Duyen Hai,Duyen Hai Town,Tra Vinh
Duyên Hải,Trà Vinh,,,Duyên Hải,Duyen Hai,Duyen Hai,Tra Vinh
Ea H'leo,Đắk Lắk,,,Ea H'leo,Ea H'leo,Ea H'Leo,Dak Lak
Ea Kar,Đắk Lắk,,,Ea Kar,Ea Kar,Ea Kar,Dak Lak
Ea Súp,Đắk Lắk,,,Ea Súp,Ea Sup,Ea Sup,Dak Lak
Gia Bình,Bắc Ninh,,,Gia Bình,Gia Binh,Gia Binh,Bac Ninh
Gia Lâm,Hà Nội,,,Gia Lâm,Gia Lam,Gia Lam,Ha Noi
Gia Lộc,Hải Dương,,,Gia Lộc,Gia Loc,Gia Loc,Hai Duong
Gia Nghĩa,Đắk Nông,Thành phố,City,Thành phố Gia Nghĩa,Gia Nghia,Gia Nghia City,Dak Nong
Giá Rai,Bạc Liêu,Thị xã,Town,Thị xã Giá Rai,Gia Rai,Gia Rai Town,Bac Lieu
Gia Viễn,Ninh Bình,,,Gia Viễn,Gia Vien,Gia Vien,Ninh Binh
Giang Thành,Kiên Giang,,,Giang Thành,Giang Thanh,Giang Thanh,Kien Giang
Giao Thủy,Nam Định,,,Giao Thủy,Giao Thuy,Giao Thuy,Nam Dinh
Gio Linh,Quảng Trị,,,Gio Linh,Gio Linh,Gio Linh,Quang Tri
Giồng Riềng,Kiên Giang,,,Giồng Riềng,Giong Rieng,Giong Rieng,Kien Giang
Giồng Trôm,Bến Tre,,,Giồng Trôm,Giong Trom,Giong Trom,Ben Tre
Gò Công,Tiền Giang,Thành phố,City,Thành phố Gò Công,Go Cong,Go Cong City,Tien Giang
Gò Công Đông,Tiền Giang,,,Gò Công Đông,Go Cong Dong,Go Cong Dong,Tien Giang
Gò Công Tây,Tiền Giang,,,Gò Công Tây,Go Cong Tay,Go Cong Tay,Tien Giang
Gò Dầu,Tây Ninh,,,Gò Dầu,Go Dau,Go Dau,Tay Ninh
Gò Quao,Kiên Giang,,,Gò Quao,Go Quao,Go Quao,Kien Giang
Gò Vấp,Hồ Chí Minh,,,Gò Vấp,Go Vap,Go Vap,Ho Chi Minh
Hà Đông,Hà Nội,,,Hà Đông,Ha Dong,Ha Dong,Ha Noi
Hà Giang,Hà Giang,Thành phố,City,Thành phố Hà Giang,Ha Giang,Ha Giang City,Ha Giang
Hạ Hòa,Phú Thọ,,,Hạ Hòa,Ha Hoa,Ha Hoa,Phu Tho
Hạ Lang,Cao Bằng,,,Hạ Lang,Ha Lang,Ha Lang,Cao Bang
Hạ Long,Quảng Ninh,Thành phố,City,Thành phố Hạ Long,Ha Long,Ha Long City,Quang Ninh
Hà Quảng,Cao Bằng,,,Hà Quảng,Ha Quang,Ha Quang,Cao Bang
Hà Tiên,Kiên Giang,Thành phố,City,Thành phố Hà Tiên,Ha Tien,Ha Tien City,Kien Giang
Hà Tĩnh,Hà Tĩnh,Thành phố,City,Thành phố Hà Tĩnh,Ha Tinh,Ha Tinh City,Ha Tinh
Hà Trung,Thanh Hóa,,,Hà Trung,Ha Trung,Ha Trung,Thanh Hoa
Hải An,Hải Phòng,,,Hải An,Hai An,Hai An,Hai Phong
Hai Bà Trưng,Hà Nội,,,Hai Bà Trưng,Hai Ba Trung,Hai Ba Trung,Ha Noi
Hải Châu,Đà Nẵng,,,Hải Châu,Hai Chau,Hai Chau,Da Nang
Hải Dương,Hải Dương,Thành phố,City,Thành phố Hải Dương,Hai Duong,Hai Duong City,Hai Duong
Hải Hà,Quảng Ninh,,,Hải Hà,Hai Ha,Hai Ha,Quang Ninh
Hải Hậu,Nam Định,,,Hải Hậu,Hai Hau,Hai Hau,Nam Dinh
Hải Lăng,Quảng Trị,,,Hải Lăng,Hai Lang,Hai Lang,Quang Tri
Hàm Tân,Bình Thuận,,,Hàm Tân,Ham Tan,Ham Tan,Binh Thuan
Hàm Thuận Bắc,Bình Thuận,,,Hàm Thuận Bắc,Ham Thuan Bac,Ham Thuan Bac,Binh Thuan
Hàm Thuận Nam,Bình Thuận,,,Hàm Thuận Nam,Ham Thuan Nam,Ham Thuan Nam,Binh Thuan
Hàm Yên,Tuyên Quang,,,Hàm Yên,Ham Yen,Ham Yen,Tuyen Quang
Hậu Lộc,Thanh Hóa,,,Hậu Lộc,Hau Loc,Hau Loc,Thanh Hoa
Hiệp Đức,Quảng Nam,,,Hiệp Đức,Hiep Duc,Hiep Duc,Quang Nam
Hiệp Hòa,Bắc Giang,,,Hiệp Hòa,Hiep Hoa,Hiep Hoa,Bac Giang
Hòa An,Cao Bằng,,,Hòa An,Hoa An,Hoa An,Cao Bang
Hòa Bình,Hòa Bình,Thành phố,City,Thành phố Hòa Bình,Hoa Binh,Hoa Binh City,Hoa Binh
Hòa Bình,Bạc Liêu,,,Hòa Bình,Hoa Binh,Hoa Binh,Bac Lieu
Hoa Lư,Ninh Bình,,,Hoa Lư,Hoa Lu,Hoa Lu,Ninh Binh
Hòa Thành,Tây Ninh,Thị xã,Town,Thị xã Hòa Thành,Hoa Thanh,Hoa Thanh Town,Tay Ninh
Hòa Vang,Đà Nẵng,,,Hòa Vang,Hoa Vang,Hoa Vang,Da Nang
Hoài Ân,Bình Định,,,Hoài Ân,Hoai An,Hoai An,Binh Dinh
Hoài Đức,Hà Nội,,,Hoài Đức,Hoai Duc,Hoai Duc,Ha Noi
Hoài Nhơn,Bình Định,Thị xã,Town,Thị xã Hoài Nhơn,Hoai Nhon,Hoai Nhon Town,Binh Dinh
Hoàn Kiếm,Hà Nội,,,Hoàn Kiếm,Hoan Kiem,Hoan Kiem,Ha Noi
Hoằng Hóa,Thanh Hóa,,,Hoằng Hóa,Hoang Hoa,Hoang Hoa,Thanh Hoa
Hoàng Mai,Hà Nội,,,Hoàng Mai,Hoang Mai,Hoang Mai,Ha Noi
Hoàng Mai,Nghệ An,Thị xã,Town,Thị xã Hoàng Mai,Hoang Mai,Hoang Mai Town,Nghe An
Hoàng Sa,Đà Nẵng,,,Hoàng Sa,Hoang Sa,Hoang Sa,Da Nang
Hoàng Su Phì,Hà Giang,,,Hoàng Su Phì,Hoang Su Phi,Hoang Su Phi,Ha Giang
Hóc Môn,Hồ Chí Minh,,,Hóc Môn,Hoc Mon,Hoc Mon,Ho Chi Minh
Hội An,Quảng Nam,Thành phố,City,Thành phố Hội An,Hoi An,Hoi An City,Quang Nam
Hòn Đất,Kiên Giang,,,Hòn Đất,Hon Dat,Hon Dat,Kien Giang
Hớn Quản,Bình Phước,,,Hớn Quản,Hon Quan,Hon Quan,Binh Phuoc
Hồng Bàng,Hải Phòng,,,Hồng Bàng,Hong Bang,Hong Bang,Hai Phong
Hồng Dân,Bạc Liêu,,,Hồng Dân,Hong Dan,Hong Dan,Bac Lieu
Hồng Lĩnh,Hà Tĩnh,Thị xã,Town,Thị xã Hồng Lĩnh,Hong Linh,Hong Linh Town,Ha Tinh
Hồng Ngự,Đồng Tháp,Thành phố,City,Thành phố Hồng Ngự,Hong Ngu,Hong Ngu City,Dong Thap
Hồng Ngự,Đồng Tháp,,,Hồng Ngự,Hong Ngu,Hong Ngu,Dong Thap
Huế,Thừa Thiên Huế,Thành phố,City,Thành phố Huế,Hue,Hue City,Thua Thien Hue
Hưng Hà,Thái Bình,,,Hưng Hà,Hung Ha,Hung Ha,Thai Binh
Hưng Nguyên,Nghệ An,,,Hưng Nguyên,Hung Nguyen,Hung Nguyen,Nghe An
Hưng Yên,Hưng Yên,Thành phố,City,Thành phố Hưng Yên,Hung Yen,Hung Yen City,Hung Yen
Hướng Hóa,Quảng Trị,,,Hướng Hóa,Huong Hoa,Huong Hoa,Quang Tri
Hương Khê,Hà Tĩnh,,,Hương Khê,Huong Khe,Huong Khe,Ha Tinh
Hương Sơn,Hà Tĩnh,,,Hương Sơn,Huong Son,Huong Son,Ha Tinh
Hương Thủy,Thừa Thiên Huế,Thị xã,Town,Thị xã Hương Thủy,Huong Thuy,Huong Thuy Town,Thua Thien Hue
Hương Trà,Thừa Thiên Huế,Thị xã,Town,Thị xã Hương Trà,Huong Tra,Huong Tra Town,Thua Thien Hue
Hữu Lũng,Lạng Sơn,,,Hữu Lũng,Huu Lung,Huu Lung,Lang Son
Ia Grai,Gia Lai,,,Ia Grai,Ia Grai,Ia Grai,Gia Lai
Ia H'Drai,Kon Tum,,,Ia H'Drai,Ia H'Drai,Ia H'Drai,Kon Tum
Ia Pa,Gia Lai,,,Ia Pa,Ia Pa,Ia Pa,Gia Lai
Kbang,Gia Lai,,,Kbang,Kbang,Kbang,Gia Lai
Kế Sách,Sóc Trăng,,,Kế Sách,Ke Sach,Ke Sach,Soc Trang
Khánh Sơn,Khánh Hòa,,,Khánh Sơn,Khanh Son,Khanh Son,Khanh Hoa
Khánh Vĩnh,Khánh Hòa,,,Khánh Vĩnh,Khanh Vinh,Khanh Vinh,Khanh Hoa
Khoái Châu,Hưng Yên,,,Khoái Châu,Khoai Chau,Khoai Chau,Hung Yen
Kiến An,Hải Phòng,,,Kiến An,Kien An,Kien An,Hai Phong
Kiên Hải,Kiên Giang,,,Kiên Hải,Kien Hai,Kien Hai,Kien Giang
Kiên Lương,Kiên Giang,,,Kiên Lương,Kien Luong,Kien Luong,Kien Giang
Kiến Thụy,Hải Phòng,,,Kiến Thụy,Kien Thuy,Kien Thuy,Hai Phong
Kiến Tường,Long An,Thị xã,Town,Thị xã Kiến Tường,Kien Tuong,Kien Tuong Town,Long An
Kiến Xương,Thái Bình,,,Kiến Xương,Kien Xuong,Kien Xuong,Thai Binh
Kim Bảng,Hà Nam,,,Kim Bảng,Kim Bang,Kim Bang,Ha Nam
Kim Bôi,Hòa Bình,,,Kim Bôi,Kim Boi,Kim Boi,Hoa Binh
Kim Động,Hưng Yên,,,Kim Động,Kim Dong,Kim Dong,Hung Yen
Kim Sơn,Ninh Bình,,,Kim Sơn,Kim Son,Kim Son,Ninh Binh
Kim Thành,Hải Dương,,,Kim Thành,Kim Thanh,Kim Thanh,Hai Duong
Kinh Môn,Hải Dương,Thị xã,Town,Thị xã Kinh Môn,Kinh Mon,Kinh Mon Town,Hai Duong
Kon Plông,Kon Tum,,,Kon Plông,Kon Plong,Kon Plong,Kon Tum
Kon Rẫy,Kon Tum,,,Kon Rẫy,Kon Ray,Kon Ray,Kon Tum
Kon Tum,Kon Tum,Thành phố,City,Thành phố Kon Tum,Kon Tum,Kon Tum City,Kon Tum
Kông Chro,Gia Lai,,,Kông Chro,Kong Chro,Kong Chro,Gia Lai
Krông Ana,Đắk Lắk,,,Krông Ana,Krong Ana,Krong Ana,Dak Lak
Krông Bông,Đắk Lắk,,,Krông Bông,Krong Bong,Krong Bong,Dak Lak
Krông Búk,Đắk Lắk,,,Krông Búk,Krong Buk,Krong Buk,Dak Lak
Krông Năng,Đắk Lắk,,,Krông Năng,Krong Nang,Krong Nang,Dak Lak
Krông Nô,Đắk Nông,,,Krông Nô,Krong No,Krong No,Dak Nong
Krông Pa,Gia Lai,,,Krông Pa,Krong Pa,Krong Pa,Gia Lai
Krông Pắc,Đắk Lắk,,,Krông Pắc,Krong Pac,Krong Pac,Dak Lak
Kỳ Anh,Hà Tĩnh,Thị xã,Town,Thị xã Kỳ Anh,Ky Anh,Ky Anh Town,Ha Tinh
Kỳ Anh,Hà Tĩnh,,,Kỳ Anh,Ky Anh,Ky Anh,Ha Tinh
Kỳ Sơn,Nghệ An,,,Kỳ Sơn,Ky Son,Ky Son,Nghe An
La Gi,Bình Thuận,Thị xã,Town,Thị xã La Gi,La Gi,La Gi Town,Binh Thuan
Lạc Dương,Lâm Đồng,,,Lạc Dương,Lac Duong,Lac Duong,Lam Dong
Lạc Sơn,Hòa Bình,,,Lạc Sơn,Lac Son,Lac Son,Hoa Binh
Lạc Thủy,Hòa Bình,,,Lạc Thủy,Lac Thuy,Lac Thuy,Hoa Binh
Lai Châu,Lai Châu,Thành phố,City,Thành phố Lai Châu,Lai Chau,Lai Chau City,Lai Chau
Lai Vung,Đồng Tháp,,,Lai Vung,Lai Vung,Lai Vung,Dong Thap
Lắk,Đắk Lắk,,,Lắk,Lak,Lak,Dak Lak
Lâm Bình,Tuyên Quang,,,Lâm Bình,Lam Binh,Lam Binh,Tuyen Quang
Lâm Hà,Lâm Đồng,,,Lâm Hà,Lam Ha,Lam Ha,Lam Dong
Lâm Thao,Phú Thọ,,,Lâm Thao,Lam Thao,Lam Thao,Phu Tho
Lang Chánh,Thanh Hóa,,,Lang Chánh,Lang Chanh,Lang Chanh,Thanh Hoa
Lạng Giang,Bắc Giang,,,Lạng Giang,Lang Giang,Lang Giang,Bac Giang
Lạng Sơn,Lạng Sơn,Thành phố,City,Thành phố Lạng Sơn,Lang Son,Lang Son City,Lang Son
Lào Cai,Lào Cai,Thành phố,City,Thành phố Lào Cai,Lao Cai,Lao Cai City,Lao Cai
Lập Thạch,Vĩnh Phúc,,,Lập Thạch,Lap Thach,Lap Thach,Vinh Phuc
Lấp Vò,Đồng Tháp,,,Lấp Vò,Lap Vo,Lap Vo,Dong Thap
Lê Chân,Hải Phòng,,,Lê Chân,Le Chan,Le Chan,Hai Phong
Lệ Thủy,Quảng Bình,,,Lệ Thủy,Le Thuy,Le Thuy,Quang Binh
Liên Chiểu,Đà Nẵng,,,Liên Chiểu,Lien Chieu,Lien Chieu,Da Nang
Lộc Bình,Lạng Sơn,,,Lộc Bình,Loc Binh,Loc Binh,Lang Son
Lộc Hà,Hà Tĩnh,,,Lộc Hà,Loc Ha,Loc Ha,Ha Tinh
Lộc Ninh,Bình Phước,,,Lộc Ninh,Loc Ninh,Loc Ninh,Binh Phuoc
Long Biên,Hà Nội,,,Long Biên,Long Bien,Long Bien,Ha Noi
Long Điền,Bà Rịa - Vũng Tàu,,,Long Điền,Long Dien,Long Dien,Ba Ria - Vung Tau
Long Hồ,Vĩnh Long,,,Long Hồ,Long Ho,Long Ho,Vinh Long
Long Khánh,Đồng Nai,Thành phố,City,Thành phố Long Khánh,Long Khanh,Long Khanh City,Dong Nai
Long Mỹ,Hậu Giang,Thị xã,Town,Thị xã Long Mỹ,Long My,Long My Town,Hau Giang
Long Mỹ,Hậu Giang,,,Long Mỹ,Long My,Long My,Hau Giang
Long Phú,Sóc Trăng,,,Long Phú,Long Phu,Long Phu,Soc Trang
Long Thành,Đồng Nai,,,Long Thành,Long Thanh,Long Thanh,Dong Nai
Long Xuyên,An Giang,Thành phố,City,Thành phố Long Xuyên,Long Xuyen,Long Xuyen City,An Giang
Lục Nam,Bắc Giang,,,Lục Nam,Luc Nam,Luc Nam,Bac Giang
Lục Ngạn,Bắc Giang,,,Lục Ngạn,Luc Ngan,Luc Ngan,Bac Giang
Lục Yên,Yên Bái,,,Lục Yên,Luc Yen,Luc Yen,Yen Bai
Lương Sơn,Hòa Bình,,,Lương Sơn,Luong Son,Luong Son,Hoa Binh
Lương Tài,Bắc Ninh,,,Lương Tài,Luong Tai,Luong Tai,Bac Ninh
Lý Nhân,Hà Nam,,,Lý Nhân,Ly Nhan,Ly Nhan,Ha Nam
Lý Sơn,Quảng Ngãi,,,Lý Sơn,Ly Son,Ly Son,Quang Ngai
M'Drắk,Đắk Lắk,,,M'Drắk,M'Drak,M'Drak,Dak Lak
Mai Châu,Hòa Bình,,,Mai Châu,Mai Chau,Mai Chau,Hoa Binh
Mai Sơn,Sơn La,,,Mai Sơn,Mai Son,Mai Son,Son La
Mang Thít,Vĩnh Long,,,Mang Thít,Mang Thit,Mang Thit,Vinh Long
Mang Yang,Gia Lai,,,Mang Yang,Mang Yang,Mang Yang,Gia Lai
Mê Linh,Hà Nội,,,Mê Linh,Me Linh,Me Linh,Ha Noi
Mèo Vạc,Hà Giang,,,Mèo Vạc,Meo Vac,Meo Vac,Ha Giang
Minh Hóa,Quảng Bình,,,Minh Hóa,Minh Hoa,Minh Hoa,Quang Binh
Minh Long,Quảng Ngãi,,,Minh Long,Minh Long,Minh Long,Quang Ngai
Mỏ Cày Bắc,Bến Tre,,,Mỏ Cày Bắc,Mo Cay Bac,Mo Cay Bac,Ben Tre
Mỏ Cày Nam,Bến Tre,,,Mỏ Cày Nam,Mo Cay Nam,Mo Cay Nam,Ben Tre
Mộ Đức,Quảng Ngãi,,,Mộ Đức,Mo Duc,Mo Duc,Quang Ngai
Mộc Châu,Sơn La,,,Mộc Châu,Moc Chau,Moc Chau,Son La
Mộc Hóa,Long An,,,Mộc Hóa,Moc Hoa,Moc Hoa,Long An
Móng Cái,Quảng Ninh,Thành phố,City,Thành phố Móng Cái,Mong Cai,Mong Cai City,Quang Ninh
Mù Cang Chải,Yên Bái,,,Mù Cang Chải,Mu Cang Chai,Mu Cang Chai,Yen Bai
Mường Ảng,Điện Biên,,,Mường Ảng,Muong Ang,Muong Ang,Dien Bien
Mường Chà,Điện Biên,,,Mường Chà,Muong Cha,Muong Cha,Dien Bien
Mường Khương,Lào Cai,,,Mường Khương,Muong Khuong,Muong Khuong,Lao Cai
Mường La,Sơn La,,,Mường La,Muong La,Muong La,Son La
Mường Lát,Thanh Hóa,,,Mường Lát,Muong Lat,Muong Lat,Thanh Hoa
Mường Lay,Điện Biên,Thị xã,Town,Thị xã Mường Lay,Muong Lay,Muong Lay Town,Dien Bien
Mường Nhé,Điện Biên,,,Mường Nhé,Muong Nhe,Muong Nhe,Dien Bien
Mường Tè,Lai Châu,,,Mường Tè,Muong Te,Muong Te,Lai Chau
Mỹ Đức,Hà Nội,,,Mỹ Đức,My Duc,My Duc,Ha Noi
Mỹ Hào,Hưng Yên,Thị xã,Town,Thị xã Mỹ Hào,My Hao,My Hao Town,Hung Yen
Mỹ Tho,Tiền Giang,Thành phố,City,Thành phố Mỹ Tho,My Tho,My Tho City,Tien Giang
Mỹ Tú,Sóc Trăng,,,Mỹ Tú,My Tu,My Tu,Soc Trang
Mỹ Xuyên,Sóc Trăng,,,Mỹ Xuyên,My Xuyen,My Xuyen,Soc Trang
Na Hang,Tuyên Quang,,,Na Hang,Na Hang,Na Hang,Tuyen Quang
Na Rì,Bắc Kạn,,,Na Rì,Na Ri,Na Ri,Bac Kan
Năm Căn,Cà Mau,,,Năm Căn,Nam Can,Nam Can,Ca Mau
Nam Đàn,Nghệ An,,,Nam Đàn,Nam Dan,Nam Dan,Nghe An
Nam Định,Nam Định,Thành phố,City,Thành phố Nam Định,Nam Dinh,Nam Dinh City,Nam Dinh
Nam Đông,Thừa Thiên Huế,,,Nam Đông,Nam Dong,Nam Dong,Thua Thien Hue
Nam Giang,Quảng Nam,,,Nam Giang,Nam Giang,Nam Giang,Quang Nam
Nậm Nhùn,Lai Châu,,,Nậm Nhùn,Nam Nhun,Nam Nhun,Lai Chau
Nậm Pồ,Điện Biên,,,Nậm Pồ,Nam Po,Nam Po,Dien Bien
Nam Sách,Hải Dương,,,Nam Sách,Nam Sach,Nam Sach,Hai Duong
Nam Trà My,Quảng Nam,,,Nam Trà My,Nam Tra My,Nam Tra My,Quang Nam
Nam Trực,Nam Định,,,Nam Trực,Nam Truc,Nam Truc,Nam Dinh
Nam Từ Liêm,Hà Nội,,,Nam Từ Liêm,Nam Tu Liem,Nam Tu Liem,Ha Noi
Ngã Bảy,Hậu Giang,Thành phố,City,Thành phố Ngã Bảy,Nga Bay,Nga Bay City,Hau Giang
Ngã Năm,Sóc Trăng,Thị xã,Town,Thị xã Ngã Năm,Nga Nam,Nga Nam Town,Soc Trang
Nga Sơn,Thanh Hóa,,,Nga Sơn,Nga Son,Nga Son,Thanh Hoa
Ngân Sơn,Bắc Kạn,,,Ngân Sơn,Ngan Son,Ngan Son,Bac Kan
Nghi Lộc,Nghệ An,,,Nghi Lộc,Nghi Loc,Nghi Loc,Nghe An
Nghi Sơn,Thanh Hóa,Thị xã,Town,Thị xã Nghi Sơn,Nghi Son,Nghi Son Town,Thanh Hoa
Nghi Xuân,Hà Tĩnh,,,Nghi Xuân,Nghi Xuan,Nghi Xuan,Ha Tinh
Nghĩa Đàn,Nghệ An,,,Nghĩa Đàn,Nghia Dan,Nghia Dan,Nghe An
Nghĩa Hành,Quảng Ngãi,,,Nghĩa Hành,Nghia Hanh,Nghia Hanh,Quang Ngai
Nghĩa Hưng,Nam Định,,,Nghĩa Hưng,Nghia Hung,Nghia Hung,Nam Dinh
Nghĩa Lộ,Yên Bái,Thị xã,Town,Thị xã Nghĩa Lộ,Nghia Lo,Nghia Lo Town,Yen Bai
Ngô Quyền,Hải Phòng,,,Ngô Quyền,Ngo Quyen,Ngo Quyen,Hai Phong
Ngọc Hiển,Cà Mau,,,Ngọc Hiển,Ngoc Hien,Ngoc Hien,Ca Mau
Ngọc Hồi,Kon Tum,,,Ngọc Hồi,Ngoc Hoi,Ngoc Hoi,Kon Tum
Ngọc Lặc,Thanh Hóa,,,Ngọc Lặc,Ngoc Lac,Ngoc Lac,Thanh Hoa
Ngũ Hành Sơn,Đà Nẵng,,,Ngũ Hành Sơn,Ngu Hanh Son,Ngu Hanh Son,Da Nang
Nguyên Bình,Cao Bằng,,,Nguyên Bình,Nguyen Binh,Nguyen Binh,Cao Bang
Nhà Bè,Hồ Chí Minh,,,Nhà Bè,Nha Be,Nha Be,Ho Chi Minh
Nha Trang,Khánh Hòa,Thành phố,City,Thành phố Nha Trang,Nha Trang,Nha Trang City,Khanh Hoa
Nho Quan,Ninh Bình,,,Nho Quan,Nho Quan,Nho Quan,Ninh Binh
Nhơn Trạch,Đồng Nai,,,Nhơn Trạch,Nhon Trach,Nhon Trach,Dong Nai
Như Thanh,Thanh Hóa,,,Như Thanh,Nhu Thanh,Nhu Thanh,Thanh Hoa
Như Xuân,Thanh Hóa,,,Như Xuân,Nhu Xuan,Nhu Xuan,Thanh Hoa
Ninh Bình,Ninh Bình,Thành phố,City,Thành phố Ninh Bình,Ninh Binh,Ninh Binh City,Ninh Binh
Ninh Giang,Hải Dương,,,Ninh Giang,Ninh Giang,Ninh Giang,Hai Duong
Ninh Hải,Ninh Thuận,,,Ninh Hải,Ninh Hai,Ninh Hai,Ninh Thuan
Ninh Hòa,Khánh Hòa,Thị xã,Town,Thị xã Ninh Hòa,Ninh Hoa,Ninh Hoa Town,Khanh Hoa
Ninh Kiều,Cần Thơ,,,Ninh Kiều,Ninh Kieu,Ninh Kieu,Can Tho
Ninh Phước,Ninh Thuận,,,Ninh Phước,Ninh Phuoc,Ninh Phuoc,Ninh Thuan
Ninh Sơn,Ninh Thuận,,,Ninh Sơn,Ninh Son,Ninh Son,Ninh Thuan
Nông Cống,Thanh Hóa,,,Nông Cống,Nong Cong,Nong Cong,Thanh Hoa
Nông Sơn,Quảng Nam,,,Nông Sơn,Nong Son,Nong Son,Quang Nam
Núi Thành,Quảng Nam,,,Núi Thành,Nui Thanh,Nui Thanh,Quang Nam
Ô Môn,Cần Thơ,,,Ô Môn,O Mon,O Mon,Can Tho
Pác Nặm,Bắc Kạn,,,Pác Nặm,Pac Nam,Pac Nam,Bac Kan
Phan Rang - Tháp Chàm,Ninh Thuận,Thành phố,City,Thành phố Phan Rang - Tháp Chàm,Phan Rang - Thap Cham,Phan Rang - Thap Cham City,Ninh Thuan
Phan Thiết,Bình Thuận,Thành phố,City,Thành phố Phan Thiết,Phan Thiet,Phan Thiet City,Binh Thuan
Phổ Yên,Thái Nguyên,Thành phố,City,Thành phố Phổ Yên,Pho Yen,Pho Yen City,Thai Nguyen
Phong Điền,Cần Thơ,,,Phong Điền,Phong Dien,Phong Dien,Can Tho
Phong Điền,Thừa Thiên Huế,,,Phong Điền,Phong Dien,Phong Dien,Thua Thien Hue
Phong Thổ,Lai Châu,,,Phong Thổ,Phong Tho,Phong Tho,Lai Chau
Phú Bình,Thái Nguyên,,,Phú Bình,Phu Binh,Phu Binh,Thai Nguyen
Phù Cát,Bình Định,,,Phù Cát,Phu Cat,Phu Cat,Binh Dinh
Phù Cừ,Hưng Yên,,,Phù Cừ,Phu Cu,Phu Cu,Hung Yen
Phú Giáo,Bình Dương,,,Phú Giáo,Phu Giao,Phu Giao,Binh Duong
Phú Hòa,Phú Yên,,,Phú Hòa,Phu Hoa,Phu Hoa,Phu Yen
Phú Lộc,Thừa Thiên Huế,,,Phú Lộc,Phu Loc,Phu Loc,Thua Thien Hue
Phú Lương,Thái Nguyên,,,Phú Lương,Phu Luong,Phu Luong,Thai Nguyen
Phủ Lý,Hà Nam,Thành phố,City,Thành phố Phủ Lý,Phu Ly,Phu Ly City,Ha Nam
Phú Mỹ,Bà Rịa - Vũng Tàu,Thị xã,Town,Thị xã Phú Mỹ,Phu My,Phu My Town,Ba Ria - Vung Tau
Phù Mỹ,Bình Định,,,Phù Mỹ,Phu My,Phu My,Binh Dinh
Phú Nhuận,Hồ Chí Minh,,,Phú Nhuận,Phu Nhuan,Phu Nhuan,Ho Chi Minh
Phú Ninh,Quảng Nam,,,Phú Ninh,Phu Ninh,Phu Ninh,Quang Nam
Phù Ninh,Phú Thọ,,,Phù Ninh,Phu Ninh,Phu Ninh,Phu Tho
Phú Quốc,Kiên Giang,Thành phố,City,Thành phố Phú Quốc,Phu Quoc,Phu Quoc City,Kien Giang
Phú Quý,Bình Thuận,,,Phú Quý,Phu Quy,Phu Quy,Binh Thuan
Phú Riềng,Bình Phước,,,Phú Riềng,Phu Rieng,Phu Rieng,Binh Phuoc
Phú Tân,An Giang,,,Phú Tân,Phu Tan,Phu Tan,An Giang
Phú Tân,Cà Mau,,,Phú Tân,Phu Tan,Phu Tan,Ca Mau
Phú Thiện,Gia Lai,,,Phú Thiện,Phu Thien,Phu Thien,Gia Lai
Phú Thọ,Phú Thọ,Thị xã,Town,Thị xã Phú Thọ,Phu Tho,Phu Tho Town,Phu Tho
Phú Vang,Thừa Thiên Huế,,,Phú Vang,Phu Vang,Phu Vang,Thua Thien Hue
Phú Xuyên,Hà Nội,,,Phú Xuyên,Phu Xuyen,Phu Xuyen,Ha Noi
Phù Yên,Sơn La,,,Phù Yên,Phu Yen,Phu Yen,Son La
Phúc Thọ,Hà Nội,,,Phúc Thọ,Phuc Tho,Phuc Tho,Ha Noi
Phúc Yên,Vĩnh Phúc,Thành phố,City,Thành phố Phúc Yên,Phuc Yen,Phuc Yen City,Vinh Phuc
Phụng Hiệp,Hậu Giang,,,Phụng Hiệp,Phung Hiep,Phung Hiep,Hau Giang
Phước Long,Bình Phước,Thị xã,Town,Thị xã Phước Long,Phuoc Long,Phuoc Long Town,Binh Phuoc
Phước Long,Bạc Liêu,,,Phước Long,Phuoc Long,Phuoc Long,Bac Lieu
Phước Sơn,Quảng Nam,,,Phước Sơn,Phuoc Son,Phuoc Son,Quang Nam
Pleiku,Gia Lai,Thành phố,City,Thành phố Pleiku,Pleiku,Pleiku City,Gia Lai
Quận 1,Hồ Chí Minh,,,Quận 1,Quan 1,District 1,Ho Chi Minh
Quận 3,Hồ Chí Minh,,,Quận 3,Quan 3,District 3,Ho Chi Minh
Quận 4,Hồ Chí Minh,,,Quận 4,Quan 4,District 4,Ho Chi Minh
Quận 5,Hồ Chí Minh,,,Quận 5,Quan 5,District 5,Ho Chi Minh
Quận 6,Hồ Chí Minh,,,Quận 6,Quan 6,District 6,Ho Chi Minh
Quận 7,Hồ Chí Minh,,,Quận 7,Quan 7,District 7,Ho Chi Minh
Quận 8,Hồ Chí Minh,,,Quận 8,Quan 8,District 8,Ho Chi Minh
Quận 10,Hồ Chí Minh,,,Quận 10,Quan 10,District 10,Ho Chi Minh
Quận 11,Hồ Chí Minh,,,Quận 11,Quan 11,District 11,Ho Chi Minh
Quận 12,Hồ Chí Minh,,,Quận 12,Quan 12,District 12,Ho Chi Minh
Quản Bạ,Hà Giang,,,Quản Bạ,Quan Ba,Quan Ba,Ha Giang
Quan Hóa,Thanh Hóa,,,Quan Hóa,Quan Hoa,Quan Hoa,Thanh Hoa
Quan Sơn,Thanh Hóa,,,Quan Sơn,Quan Son,Quan Son,Thanh Hoa
Quang Bình,Hà Giang,,,Quang Bình,Quang Binh,Quang Binh,Ha Giang
Quảng Điền,Thừa Thiên Huế,,,Quảng Điền,Quang Dien,Quang Dien,Thua Thien Hue
Quảng Hòa,Cao Bằng,,,Quảng Hòa,Quang Hoa,Quang Hoa,Cao Bang
Quảng Ngãi,Quảng Ngãi,Thành phố,City,Thành phố Quảng Ngãi,Quang Ngai,Quang Ngai City,Quang Ngai
Quảng Ninh,Quảng Bình,,,Quảng Ninh,Quang Ninh,Quang Ninh,Quang Binh
Quảng Trạch,Quảng Bình,,,Quảng Trạch,Quang Trach,Quang Trach,Quang Binh
Quảng Trị,Quảng Trị,Thị xã,Town,Thị xã Quảng Trị,Quang Tri,Quang Tri Town,Quang Tri
Quảng Xương,Thanh Hóa,,,Quảng Xương,Quang Xuong,Quang Xuong,Thanh Hoa
Quảng Yên,Quảng Ninh,Thị xã,Town,Thị xã Quảng Yên,Quang Yen,Quang Yen Town,Quang Ninh
Quế Phong,Nghệ An,,,Quế Phong,Que Phong,Que Phong,Nghe An
Quế Sơn,Quảng Nam,,,Quế Sơn,Que Son,Que Son,Quang Nam
Quế Võ,Bắc Ninh,Thị xã,Town,Thị xã Quế Võ,Que Vo,Que Vo Town,Bac Ninh
Quốc Oai,Hà Nội,,,Quốc Oai,Quoc Oai,Quoc Oai,Ha Noi
Quỳ Châu,Nghệ An,,,Quỳ Châu,Quy Chau,Quy Chau,Nghe An
Quỳ Hợp,Nghệ An,,,Quỳ Hợp,Quy Hop,Quy Hop,Nghe An
Quy Nhơn,Bình Định,Thành phố,City,Thành phố Quy Nhơn,Quy Nhon,Quy Nhon City,Binh Dinh
Quỳnh Lưu,Nghệ An,,,Quỳnh Lưu,Quynh Luu,Quynh Luu,Nghe An
Quỳnh Nhai,Sơn La,,,Quỳnh Nhai,Quynh Nhai,Quynh Nhai,Son La
Quỳnh Phụ,Thái Bình,,,Quỳnh Phụ,Quynh Phu,Quynh Phu,Thai Binh
Rạch Giá,Kiên Giang,Thành phố,City,Thành phố Rạch Giá,Rach Gia,Rach Gia City,Kien Giang
Sa Đéc,Đồng Tháp,Thành phố,City,Thành phố Sa Đéc,Sa Dec,Sa Dec City,Dong Thap
Sa Pa,Lào Cai,Thị xã,Town,Thị xã Sa Pa,Sa Pa,Sa Pa Town,Lao Cai
Sa Thầy,Kon Tum,,,Sa Thầy,Sa Thay,Sa Thay,Kon Tum
Sầm Sơn,Thanh Hóa,Thành phố,City,Thành phố Sầm Sơn,Sam Son,Sam Son City,Thanh Hoa
Si Ma Cai,Lào Cai,,,Si Ma Cai,Si Ma Cai,Si Ma Cai,Lao Cai
Sìn Hồ,Lai Châu,,,Sìn Hồ,Sin Ho,Sin Ho,Lai Chau
Sóc Sơn,Hà Nội,,,Sóc Sơn,Soc Son,Soc Son,Ha Noi
Sóc Trăng,Sóc Trăng,Thành phố,City,Thành phố Sóc Trăng,Soc Trang,Soc Trang City,Soc Trang
Sơn Động,Bắc Giang,,,Sơn Động,Son Dong,Son Dong,Bac Giang
Sơn Dương,Tuyên Quang,,,Sơn Dương,Son Duong,Son Duong,Tuyen Quang
Sơn Hà,Quảng Ngãi,,,Sơn Hà,Son Ha,Son Ha,Quang Ngai
Sơn Hòa,Phú Yên,,,Sơn Hòa,Son Hoa,Son Hoa,Phu Yen
Sơn La,Sơn La,Thành phố,City,Thành phố Sơn La,Son La,Son La City,Son La
Sơn Tây,Hà Nội,Thị xã,Town,Thị xã Sơn Tây,Son Tay,Son Tay Town,Ha Noi
Sơn Tây,Quảng Ngãi,,,Sơn Tây,Son Tay,Son Tay,Quang Ngai
Sơn Tịnh,Quảng Ngãi,,,Sơn Tịnh,Son Tinh,Son Tinh,Quang Ngai
Sơn Trà,Đà Nẵng,,,Sơn Trà,Son Tra,Son Tra,Da Nang
Sông Cầu,Phú Yên,Thị xã,Town,Thị xã Sông Cầu,Song Cau,Song Cau Town,Phu Yen
Sông Công,Thái Nguyên,Thành phố,City,Thành phố Sông Công,Song Cong,Song Cong City,Thai Nguyen
Sông Hinh,Phú Yên,,,Sông Hinh,Song Hinh,Song Hinh,Phu Yen
Sông Lô,Vĩnh Phúc,,,Sông Lô,Song Lo,Song Lo,Vinh Phuc
Sông Mã,Sơn La,,,Sông Mã,Song Ma,Song Ma,Son La
Sốp Cộp,Sơn La,,,Sốp Cộp,Sop Cop,Sop Cop,Son La
Tam Bình,Vĩnh Long,,,Tam Bình,Tam Binh,Tam Binh,Vinh Long
Tam Đảo,Vĩnh Phúc,,,Tam Đảo,Tam Dao,Tam Dao,Vinh Phuc
Tam Điệp,Ninh Bình,Thành phố,City,Thành phố Tam Điệp,Tam Diep,Tam Diep City,Ninh Binh
Tam Dương,Vĩnh Phúc,,,Tam Dương,Tam Duong,Tam Duong,Vinh Phuc
Tam Đường,Lai Châu,,,Tam Đường,Tam Duong,Tam Duong,Lai Chau
Tam Kỳ,Quảng Nam,Thành phố,City,Thành phố Tam Kỳ,Tam Ky,Tam Ky City,Quang Nam
Tam Nông,Đồng Tháp,,,Tam Nông,Tam Nong,Tam Nong,Dong Thap
Tam Nông,Phú Thọ,,,Tam Nông,Tam Nong,Tam Nong,Phu Tho
Tân An,Long An,Thành phố,City,Thành phố Tân An,Tan An,Tan An City,Long An
Tân Biên,Tây Ninh,,,Tân Biên,Tan Bien,Tan Bien,Tay Ninh
Tân Bình,Hồ Chí Minh,,,Tân Bình,Tan Binh,Tan Binh,Ho Chi Minh
Tân Châu,An Giang,Thị xã,Town,Thị xã Tân Châu,Tan Chau,Tan Chau Town,An Giang
Tân Châu,Tây Ninh,,,Tân Châu,Tan Chau,Tan Chau,Tay Ninh
Tân Hiệp,Kiên Giang,,,Tân Hiệp,Tan Hiep,Tan Hiep,Kien Giang
Tân Hồng,Đồng Tháp,,,Tân Hồng,Tan Hong,Tan Hong,Dong Thap
Tân Hưng,Long An,,,Tân Hưng,Tan Hung,Tan Hung,Long An
Tân Kỳ,Nghệ An,,,Tân Kỳ,Tan Ky,Tan Ky,Nghe An
Tân Lạc,Hòa Bình,,,Tân Lạc,Tan Lac,Tan Lac,Hoa Binh
Tân Phú,Hồ Chí Minh,,,Tân Phú,Tan Phu,Tan Phu,Ho Chi Minh
Tân Phú,Đồng Nai,,,Tân Phú,Tan Phu,Tan Phu,Dong Nai
Tân Phú Đông,Tiền Giang,,,Tân Phú Đông,Tan Phu Dong,Tan Phu Dong,Tien Giang
Tân Phước,Tiền Giang,,,Tân Phước,Tan Phuoc,Tan Phuoc,Tien Giang
Tân Sơn,Phú Thọ,,,Tân Sơn,Tan Son,Tan Son,Phu Tho
Tân Thạnh,Long An,,,Tân Thạnh,Tan Thanh,Tan Thanh,Long An
Tân Trụ,Long An,,,Tân Trụ,Tan Tru,Tan Tru,Long An
Tân Uyên,Bình Dương,Thành phố,City,Thành phố Tân Uyên,Tan Uyen,Tan Uyen City,Binh Duong
Tân Uyên,Lai Châu,,,Tân Uyên,Tan Uyen,Tan Uyen,Lai Chau
Tân Yên,Bắc Giang,,,Tân Yên,Tan Yen,Tan Yen,Bac Giang
Tánh Linh,Bình Thuận,,,Tánh Linh,Tanh Linh,Tanh Linh,Binh Thuan
Tây Giang,Quảng Nam,,,Tây Giang,Tay Giang,Tay Giang,Quang Nam
Tây Hồ,Hà Nội,,,Tây Hồ,Tay Ho,Tay Ho,Ha Noi
Tây Hòa,Phú Yên,,,Tây Hòa,Tay Hoa,Tay Hoa,Phu Yen
Tây Ninh,Tây Ninh,Thành phố,City,Thành phố Tây Ninh,Tay Ninh,Tay Ninh City,Tay Ninh
Tây Sơn,Bình Định,,,Tây Sơn,Tay Son,Tay Son,Binh Dinh
Thạch An,Cao Bằng,,,Thạch An,Thach An,Thach An,Cao Bang
Thạch Hà,Hà Tĩnh,,,Thạch Hà,Thach Ha,Thach Ha,Ha Tinh
Thạch Thành,Thanh Hóa,,,Thạch Thành,Thach Thanh,Thach Thanh,Thanh Hoa
Thạch Thất,Hà Nội,,,Thạch Thất,Thach That,Thach That,Ha Noi
Thái Bình,Thái Bình,Thành phố,City,Thành phố Thái Bình,Thai Binh,Thai Binh City,Thai Binh
Thái Hòa,Nghệ An,Thị xã,Town,Thị xã Thái Hòa,Thai Hoa,Thai Hoa Town,Nghe An
Thái Nguyên,Thái Nguyên,Thành phố,City,Thành phố Thái Nguyên,Thai Nguyen,Thai Nguyen City,Thai Nguyen
Thái Thụy,Thái Bình,,,Thái Thụy,Thai Thuy,Thai Thuy,Thai Binh
Than Uyên,Lai Châu,,,Than Uyên,Than Uyen,Than Uyen,Lai Chau
Thăng Bình,Quảng Nam,,,Thăng Bình,Thang Binh,Thang Binh,Quang Nam
Thanh Ba,Phú Thọ,,,Thanh Ba,Thanh Ba,Thanh Ba,Phu Tho
Thanh Bình,Đồng Tháp,,,Thanh Bình,Thanh Binh,Thanh Binh,Dong Thap
Thanh Chương,Nghệ An,,,Thanh Chương,Thanh Chuong,Thanh Chuong,Nghe An
Thanh Hà,Hải Dương,,,Thanh Hà,Thanh Ha,Thanh Ha,Hai Duong
Thanh Hóa,Thanh Hóa,Thành phố,City,Thành phố Thanh Hóa,Thanh Hoa,Thanh Hoa City,Thanh Hoa
Thạnh Hóa,Long An,,,Thạnh Hóa,Thanh Hoa,Thanh Hoa,Long An
Thanh Khê,Đà Nẵng,,,Thanh Khê,Thanh Khe,Thanh Khe,Da Nang
Thanh Liêm,Hà Nam,,,Thanh Liêm,Thanh Liem,Thanh Liem,Ha Nam
Thanh Miện,Hải Dương,,,Thanh Miện,Thanh Mien,Thanh Mien,Hai Duong
Thanh Oai,Hà Nội,,,Thanh Oai,Thanh Oai,Thanh Oai,Ha Noi
Thạnh Phú,Bến Tre,,,Thạnh Phú,Thanh Phu,Thanh Phu,Ben Tre
Thanh Sơn,Phú Thọ,,,Thanh Sơn,Thanh Son,Thanh Son,Phu Tho
Thanh Thủy,Phú Thọ,,,Thanh Thủy,Thanh Thuy,Thanh Thuy,Phu Tho
Thanh Trì,Hà Nội,,,Thanh Trì,Thanh Tri,Thanh Tri,Ha Noi
Thạnh Trị,Sóc Trăng,,,Thạnh Trị,Thanh Tri,Thanh Tri,Soc Trang
Thanh Xuân,Hà Nội,,,Thanh Xuân,Thanh Xuan,Thanh Xuan,Ha Noi
Tháp Mười,Đồng Tháp,,,Tháp Mười,Thap Muoi,Thap Muoi,Dong Thap
Thiệu Hóa,Thanh Hóa,,,Thiệu Hóa,Thieu Hoa,Thieu Hoa,Thanh Hoa
Thọ Xuân,Thanh Hóa,,,Thọ Xuân,Tho Xuan,Tho Xuan,Thanh Hoa
Thoại Sơn,An Giang,,,Thoại Sơn,Thoai Son,Thoai Son,An Giang
Thới Bình,Cà Mau,,,Thới Bình,Thoi Binh,Thoi Binh,Ca Mau
Thới Lai,Cần Thơ,,,Thới Lai,Thoi Lai,Thoi Lai,Can Tho
Thống Nhất,Đồng Nai,,,Thống Nhất,Thong Nhat,Thong Nhat,Dong Nai
Thốt Nốt,Cần Thơ,,,Thốt Nốt,Thot Not,Thot Not,Can Tho
Thủ Dầu Một,Bình Dương,Thành phố,City,Thành phố Thủ Dầu Một,Thu Dau Mot,Thu Dau Mot City,Binh Duong
Thủ Đức,Hồ Chí Minh,Thành phố,City,Thành phố Thủ Đức,Thu Duc,Thu Duc City,Ho Chi Minh
Thủ Thừa,Long An,,,Thủ Thừa,Thu Thua,Thu Thua,Long An
Thuận An,Bình Dương,Thành phố,City,Thành phố Thuận An,Thuan An,Thuan An City,Binh Duong
Thuận Bắc,Ninh Thuận,,,Thuận Bắc,Thuan Bac,Thuan Bac,Ninh Thuan
Thuận Châu,Sơn La,,,Thuận Châu,Thuan Chau,Thuan Chau,Son La
Thuận Nam,Ninh Thuận,,,Thuận Nam,Thuan Nam,Thuan Nam,Ninh Thuan
Thuận Thành,Bắc Ninh,Thị xã,Town,Thị xã Thuận Thành,Thuan Thanh,Thuan Thanh Town,Bac Ninh
Thường Tín,Hà Nội,,,Thường Tín,Thuong Tin,Thuong Tin,Ha Noi
Thường Xuân,Thanh Hóa,,,Thường Xuân,Thuong Xuan,Thuong Xuan,Thanh Hoa
Thủy Nguyên,Hải Phòng,,,Thủy Nguyên,Thuy Nguyen,Thuy Nguyen,Hai Phong
Tiên Du,Bắc Ninh,,,Tiên Du,Tien Du,Tien Du,Bac Ninh
Tiền Hải,Thái Bình,,,Tiền Hải,Tien Hai,Tien Hai,Thai Binh
Tiên Lãng,Hải Phòng,,,Tiên Lãng,Tien Lang,Tien Lang,Hai Phong
Tiên Lữ,Hưng Yên,,,Tiên Lữ,Tien Lu,Tien Lu,Hung Yen
Tiên Phước,Quảng Nam,,,Tiên Phước,Tien Phuoc,Tien Phuoc,Quang Nam
Tiên Yên,Quảng Ninh,,,Tiên Yên,Tien Yen,Tien Yen,Quang Ninh
Tiểu Cần,Trà Vinh,,,Tiểu Cần,Tieu Can,Tieu Can,Tra Vinh
Tịnh Biên,An Giang,Thị xã,Town,Thị xã Tịnh Biên,Tinh Bien,Tinh Bien Town,An Giang
Trà Bồng,Quảng Ngãi,,,Trà Bồng,Tra Bong,Tra Bong,Quang Ngai
Trà Cú,Trà Vinh,,,Trà Cú,Tra Cu,Tra Cu,Tra Vinh
Trà Ôn,Vĩnh Long,,,Trà Ôn,Tra On,Tra On,Vinh Long
Trà Vinh,Trà Vinh,Thành phố,City,Thành phố Trà Vinh,Tra Vinh,Tra Vinh City,Tra Vinh
Trạm Tấu,Yên Bái,,,Trạm Tấu,Tram Tau,Tram Tau,Yen Bai
Trần Đề,Sóc Trăng,,,Trần Đề,Tran De,Tran De,Soc Trang
Trần Văn Thời,Cà Mau,,,Trần Văn Thời,Tran Van Thoi,Tran Van Thoi,Ca Mau
Trấn Yên,Yên Bái,,,Trấn Yên,Tran Yen,Tran Yen,Yen Bai
Trảng Bàng,Tây Ninh,Thị xã,Town,Thị xã Trảng Bàng,Trang Bang,Trang Bang Town,Tay Ninh
Trảng Bom,Đồng Nai,,,Trảng Bom,Trang Bom,Trang Bom,Dong Nai
Tràng Định,Lạng Sơn,,,Tràng Định,Trang Dinh,Trang Dinh,Lang Son
Tri Tôn,An Giang,,,Tri Tôn,Tri Ton,Tri Ton,An Giang
Triệu Phong,Quảng Trị,,,Triệu Phong,Trieu Phong,Trieu Phong,Quang Tri
Triệu Sơn,Thanh Hóa,,,Triệu Sơn,Trieu Son,Trieu Son,Thanh Hoa
Trực Ninh,Nam Định,,,Trực Ninh,Truc Ninh,Truc Ninh,Nam Dinh
Trùng Khánh,Cao Bằng,,,Trùng Khánh,Trung Khanh,Trung Khanh,Cao Bang
Trường Sa,Khánh Hòa,,,Trường Sa,Truong Sa,Truong Sa,Khanh Hoa
Tứ Kỳ,Hải Dương,,,Tứ Kỳ,Tu Ky,Tu Ky,Hai Duong
Tu Mơ Rông,Kon Tum,,,Tu Mơ Rông,Tu Mo Rong,Tu Mo Rong,Kon Tum
Tư Nghĩa,Quảng Ngãi,,,Tư Nghĩa,Tu Nghia,Tu Nghia,Quang Ngai
Từ Sơn,Bắc Ninh,Thành phố,City,Thành phố Từ Sơn,Tu Son,Tu Son City,Bac Ninh
Tủa Chùa,Điện Biên,,,Tủa Chùa,Tua Chua,Tua Chua,Dien Bien
Tuần Giáo,Điện Biên,,,Tuần Giáo,Tuan Giao,Tuan Giao,Dien Bien
Tương Dương,Nghệ An,,,Tương Dương,Tuong Duong,Tuong Duong,Nghe An
Tuy An,Phú Yên,,,Tuy An,Tuy An,Tuy An,Phu Yen
Tuy Đức,Đắk Nông,,,Tuy Đức,Tuy Duc,Tuy Duc,Dak Nong
Tuy Hòa,Phú Yên,Thành phố,City,Thành phố Tuy Hòa,Tuy Hoa,Tuy Hoa City,Phu Yen
Tuy Phong,Bình Thuận,,,Tuy Phong,Tuy Phong,Tuy Phong,Binh Thuan
Tuy Phước,Bình Định,,,Tuy Phước,Tuy Phuoc,Tuy Phuoc,Binh Dinh
Tuyên Hóa,Quảng Bình,,,Tuyên Hóa,Tuyen Hoa,Tuyen Hoa,Quang Binh
Tuyên Quang,Tuyên Quang,Thành phố,City,Thành phố Tuyên Quang,Tuyen Quang,Tuyen Quang City,Tuyen Quang
U Minh Thượng,Kiên Giang,,,U Minh Thượng,U Minh Thuong,U Minh Thuong,Kien Giang
U Minh,Cà Mau,,,U Minh,U Minh,U Minh,Ca Mau
Ứng Hòa,Hà Nội,,,Ứng Hòa,Ung Hoa,Ung Hoa,Ha Noi
Uông Bí,Quảng Ninh,Thành phố,City,Thành phố Uông Bí,Uong Bi,Uong Bi City,Quang Ninh
Văn Bàn,Lào Cai,,,Văn Bàn,Van Ban,Van Ban,Lao Cai
Vân Canh,Bình Định,,,Vân Canh,Van Canh,Van Canh,Binh Dinh
Văn Chấn,Yên Bái,,,Văn Chấn,Van Chan,Van Chan,Yen Bai
Vân Đồn,Quảng Ninh,,,Vân Đồn,Van Don,Van Don,Quang Ninh
Văn Giang,Hưng Yên,,,Văn Giang,Van Giang,Van Giang,Hung Yen
Vân Hồ,Sơn La,,,Vân Hồ,Van Ho,Van Ho,Son La
Văn Lâm,Hưng Yên,,,Văn Lâm,Van Lam,Van Lam,Hung Yen
Văn Lãng,Lạng Sơn,,,Văn Lãng,Van Lang,Van Lang,Lang Son
Vạn Ninh,Khánh Hòa,,,Vạn Ninh,Van Ninh,Van Ninh,Khanh Hoa
Văn Quan,Lạng Sơn,,,Văn Quan,Van Quan,Van Quan,Lang Son
Văn Yên,Yên Bái,,,Văn Yên,Van Yen,Van Yen,Yen Bai
Vị Thanh,Hậu Giang,Thành phố,City,Thành phố Vị Thanh,Vi Thanh,Vi Thanh City,Hau Giang
Vị Thủy,Hậu Giang,,,Vị Thủy,Vi Thuy,Vi Thuy,Hau Giang
Vị Xuyên,Hà Giang,,,Vị Xuyên,Vi Xuyen,Vi Xuyen,Ha Giang
Việt Trì,Phú Thọ,Thành phố,City,Thành phố Việt Trì,Viet Tri,Viet Tri City,Phu Tho
Việt Yên,Bắc Giang,Thị xã,Town,Thị xã Việt Yên,Viet Yen,Viet Yen Town,Bac Giang
Vĩnh Bảo,Hải Phòng,,,Vĩnh Bảo,Vinh Bao,Vinh Bao,Hai Phong
Vĩnh Châu,Sóc Trăng,Thị xã,Town,Thị xã Vĩnh Châu,Vinh Chau,Vinh Chau Town,Soc Trang
Vĩnh Cửu,Đồng Nai,,,Vĩnh Cửu,Vinh Cuu,Vinh Cuu,Dong Nai
Vĩnh Hưng,Long An,,,Vĩnh Hưng,Vinh Hung,Vinh Hung,Long An
Vĩnh Linh,Quảng Trị,,,Vĩnh Linh,Vinh Linh,Vinh Linh,Quang Tri
Vĩnh Lộc,Thanh Hóa,,,Vĩnh Lộc,Vinh Loc,Vinh Loc,Thanh Hoa
Vĩnh Lợi,Bạc Liêu,,,Vĩnh Lợi,Vinh Loi,Vinh Loi,Bac Lieu
Vĩnh Long,Vĩnh Long,Thành phố,City,Thành phố Vĩnh Long,Vinh Long,Vinh Long City,Vinh Long
Vĩnh Thạnh,Cần Thơ,,,Vĩnh Thạnh,Vinh Thanh,Vinh Thanh,Can Tho
Vĩnh Thạnh,Bình Định,,,Vĩnh Thạnh,Vinh Thanh,Vinh Thanh,Binh Dinh
Vĩnh Thuận,Kiên Giang,,,Vĩnh Thuận,Vinh Thuan,Vinh Thuan,Kien Giang
Vĩnh Tường,Vĩnh Phúc,,,Vĩnh Tường,Vinh Tuong,Vinh Tuong,Vinh Phuc
Vĩnh Yên,Vĩnh Phúc,Thành phố,City,Thành phố Vĩnh Yên,Vinh Yen,Vinh Yen City,Vinh Phuc
Vinh,Nghệ An,Thành phố,City,Thành phố Vinh,Vinh,Vinh City,Nghe An
Võ Nhai,Thái Nguyên,,,Võ Nhai,Vo Nhai,Vo Nhai,Thai Nguyen
Vụ Bản,Nam Định,,,Vụ Bản,Vu Ban,Vu Ban,Nam Dinh
Vũ Quang,Hà Tĩnh,,,Vũ Quang,Vu Quang,Vu Quang,Ha Tinh
Vũ Thư,Thái Bình,,,Vũ Thư,Vu Thu,Vu Thu,Thai Binh
Vũng Liêm,Vĩnh Long,,,Vũng Liêm,Vung Liem,Vung Liem,Vinh Long
Vũng Tàu,Bà Rịa - Vũng Tàu,Thành phố,City,Thành phố Vũng Tàu,Vung Tau,Vung Tau City,Ba Ria - Vung Tau
Xín Mần,Hà Giang,,,Xín Mần,Xin Man,Xin Man,Ha Giang
Xuân Lộc,Đồng Nai,,,Xuân Lộc,Xuan Loc,Xuan Loc,Dong Nai
Xuân Trường,Nam Định,,,Xuân Trường,Xuan Truong,Xuan Truong,Nam Dinh
Xuyên Mộc,Bà Rịa - Vũng Tàu,,,Xuyên Mộc,Xuyen Moc,Xuyen Moc,Ba Ria - Vung Tau
Ý Yên,Nam Định,,,Ý Yên,Y Yen,Y Yen,Nam Dinh
Yên Bái,Yên Bái,Thành phố,City,Thành phố Yên Bái,Yen Bai,Yen Bai City,Yen Bai
Yên Bình,Yên Bái,,,Yên Bình,Yen Binh,Yen Binh,Yen Bai
Yên Châu,Sơn La,,,Yên Châu,Yen Chau,Yen Chau,Son La
Yên Định,Thanh Hóa,,,Yên Định,Yen Dinh,Yen Dinh,Thanh Hoa
Yên Dũng,Bắc Giang,,,Yên Dũng,Yen Dung,Yen Dung,Bac Giang
Yên Khánh,Ninh Bình,,,Yên Khánh,Yen Khanh,Yen Khanh,Ninh Binh
Yên Lạc,Vĩnh Phúc,,,Yên Lạc,Yen Lac,Yen Lac,Vinh Phuc
Yên Lập,Phú Thọ,,,Yên Lập,Yen Lap,Yen Lap,Phu Tho
Yên Minh,Hà Giang,,,Yên Minh,Yen Minh,Yen Minh,Ha Giang
Yên Mô,Ninh Bình,,,Yên Mô,Yen Mo,Yen Mo,Ninh Binh
Yên Mỹ,Hưng Yên,,,Yên Mỹ,Yen My,Yen My,Hung Yen
Yên Phong,Bắc Ninh,,,Yên Phong,Yen Phong,Yen Phong,Bac Ninh
Yên Sơn,Tuyên Quang,,,Yên Sơn,Yen Son,Yen Son,Tuyen Quang
Yên Thành,Nghệ An,,,Yên Thành,Yen Thanh,Yen Thanh,Nghe An
Yên Thế,Bắc Giang,,,Yên Thế,Yen The,Yen The,Bac Giang
Yên Thủy,Hòa Bình,,,Yên Thủy,Yen Thuy,Yen Thuy,Hoa Binh
